id;created_date;topic;description;meeting_link
db0e9689-69e2-4678-a584-2c39c52d884a;2023-04-11;Handmade;Hat;Markets port
3f5c93e8-4769-4365-ab22-cffd31a48df6;2023-04-11;generate Kip matrix;GB Chips optimize;access Plastic
8c4d3884-3e1c-423c-b9fc-18651eda1771;2023-04-12;COM;Hat;protocol action-items
341aa81d-21b4-43fc-b83e-9a4c45dbbf2b;2023-04-12;revolutionary Frozen Health;Shirt;compressing Borders
9b85e040-c5a6-414f-b172-a5d113be20be;2023-04-11;Electronics;back;Egyptian zero Germany
d34a02dd-c881-405a-b2fd-b5803342dff6;2023-04-11;mint niches Licensed;Customer;Producer
2ea9e6be-74c8-430f-8c52-f5794e25c8de;2023-04-12;Fields;COM XML;applications bypassing Strategist
5a35fe5b-5b8e-42f3-a68a-5531a89468a7;2023-04-12;Florida;Health;Market Wooden upward-trending
57e0b5e4-c730-4b6d-9eee-07a3fb1d7811;2023-04-11;Alaska scalable compress;Tajikistan;Mouse Wooden
d96b3a42-a78e-4736-a209-e383b1e4729b;2023-04-11;Metal;Silver Computer reinvent;Cotton Music
